{"cameraMode":{"drawMode":0,"name":"Shaded","section":"Shading Mode"},"sceneLighting":true,"audioPlay":false,"sceneViewState":{"showFog":true,"showMaterialUpdate":true,"showSkybox":true,"showFlares":true,"showImageEffects":true,"showParticleSystems":true},"in2DMode":false,"pivot":{"x":-14.308130264282227,"y":-33.539215087890628,"z":5.002481460571289},"rotation":{"x":0.38448596000671389,"y":-0.5780566930770874,"z":0.3544289767742157,"w":0.6265690326690674},"size":19.73777961730957,"orthographic":false}